INSERT INTO `dashboard`.`customer` (`id`, `name`, `surname`, `email`) VALUES
  (1, 'Petras', 'Ąžuolas', 'petras@one.lt'),
  (2, 'Jonas', 'Beržas', 'jonas@one.lt'),
  (3, 'Linas', 'Gylė', 'linas@gmail.lt'),
  (4, 'Ona', 'Liepa', 'once@one.lt'),
  (5, 'Jonas', 'Pomidoras', 'tomatas@one.lt'),
  (6, 'Ieva', 'Siemka', 'saulegraza@aaa.lt'),
  (7, 'Jhon', 'Jhuan', 'jhuan@jhon.lt'),
  (8, 'Mantas', 'Lydeka', 'zuvis@kimba.lt'),
  (9, 'Laimonas', 'Pavardenis', 'e@one.lt'),
  (10, 'Petras1', 'Ąžuolas', 'petras1@one.lt'),
  (11, 'Jonas1', 'Beržas', 'jonas1@one.lt'),
  (12, 'Linas1', 'Gylė', 'linas1@gmail.lt'),
  (13, 'Ona1', 'Liepa', 'once1@one.lt'),
  (14, 'Jonas1', 'Pomidoras', 'tomatas1@one.lt'),
  (15, 'Ieva1', 'Siemka', 'saulegraza1@aaa.lt'),
  (16, 'Jhon1', 'Jhuan', 'jhuan1@jhon.lt'),
  (17, 'Mantas1', 'Lydeka', 'zuvis1@kimba.lt'),
  (18, 'Laimonas1', 'Pavardenis', 'e1@one.lt');

INSERT INTO `dashboard`.`order` (`id`, `purchase_date`, `customer_id`, `country`, `device`) VALUES
  (1, 1452953651, 1, 'LT', 'mobile'),
  (2, 1452983651, 3, 'LT', 'mobile'),
  (3, 1452753651, 1, 'LT', 'mobile'),
  (4, 1452952651, 5, 'LT', 'web'),
  (5, 1452953551, 5, 'LT', 'web'),
  (6, 1452813651, 4, 'EE', 'mobile'),
  (7, 1452683651, 1, 'LT', 'web'),
  (8, 1451953651, 2, 'LT', 'mobile'),
  (9, 1452945651, 10, 'LT', 'mobile'),
  (10, 1452964851, 8, 'LV', 'web'),
  (11, 1452957651, 15, 'LT', 'mobile'),
  (12, 1452984651, 14, 'PL', 'web'),
  (13, 1452988651, 16, 'LT', 'web'),
  (14, 1452987851, 16, 'GB', 'mobile'),
  (15, 1452985651, 18, 'LT', 'web'),
  (16, 1452985851, 18, 'LT', 'mobile');

INSERT INTO `dashboard`.`order_items` (`id`, `order_id`, `ean`, `quantity`, `price`) VALUES
  (1, 1, 9786099512563, 2, 1412),
  (2, 1, 9456456421313, 5, 776),
  (3, 2, 9786456515563, 1, 546),
  (4, 3, 9781231235563, 4, 814),
  (5, 4, 9453543332563, 20, 814),
  (6, 4, 9754345332563, 18, 546),
  (7, 5, 9213213312563, 1, 814),
  (8, 6, 9745345345563, 1, 546),
  (9, 7, 9786099512563, 10, 546),
  (10, 8, 9786099512563, 7, 814),
  (11, 8, 9786099512563, 2, 546),
  (12, 8, 9786099512563, 1, 714),
  (13, 9, 9781231235563, 17, 914),
  (14, 10, 9754345332563, 3, 546),
  (15, 11, 9786099512563, 2, 814),
  (16, 12, 9754345332563, 1, 1546),
  (17, 13, 9786099512563, 1, 576),
  (18, 14, 9456456421313, 4, 326),
  (19, 15, 9786099512563, 5, 540),
  (20, 16, 9786099512563, 6, 400);